{
  "project_info": {
    "project_number": "140097924162",
    "project_id": "spartrans-f78ef",
    "storage_bucket": "spartrans-f78ef.appspot.com"
  },
  "client": [
    {
      "client_info": {
        "mobilesdk_app_id": "1:140097924162:android:7e0139c54548e919e091db",
        "android_client_info": {
          "package_name": "com.spartrans.driver"
        }
      },
      "oauth_client": [
        {
          "client_id": "140097924162-2a4u7qsikso7pcnd97ovepu7n7esv3jp.apps.googleusercontent.com",
          "client_type": 3
        }
      ],
      "api_key": [
        {
          "current_key": "AIzaSyCMuXEilolaDycUfwasOVviWBsl9zKZAPw"
        }
      ],
      "services": {
        "appinvite_service": {
          "other_platform_oauth_client": [
            {
              "client_id": "140097924162-2a4u7qsikso7pcnd97ovepu7n7esv3jp.apps.googleusercontent.com",
              "client_type": 3
            },
            {
              "client_id": "140097924162-ga29o04dgof9n5cj38ogjddnudkdkrdf.apps.googleusercontent.com",
              "client_type": 2,
              "ios_info": {
                "bundle_id": "com.example.taxiappMobile"
              }
            }
          ]
        }
      }
    }
  ],
  "configuration_version": "1"
}